Workbook

Sheet Overview
B2: 5-Week Final Year Prep Roadmap
B3: ENTC Final Year | Data Engineer Internship + DSA (Placements) + AI
B5: Plan Duration
B6: Start Date: | C6: 46211
B7: End Date: | C7: 46245
B8: Total Days: | C8: ='Daily Tracker'!$B$1 -> 35
B9: Overall Completion: | C9: =Dashboard!C5 -> 0
B11: How This Tracker Works
B12: 1. Go to the 'Daily Tracker' sheet - it has one row per day for all 35 days (8 Jul - 11 Aug 2026).
B13: 2. Each day has 3 tracks: DSA, AI, and Data Engineering (DE). A task is pre-filled for each track.
B14: 3. Every evening, fill the 'Hrs Actual' column for each track with the real hours you spent.
B15: 4. Change the Status dropdown (Not Started / In Progress / Done) for each track as you go.
B16: Colors update automatically: grey = not started, yellow = in progress, green = done.
B17: 5. 'Daily % Complete' and hour totals calculate automatically - don't touch those formula cells.
B18: 6. Use the 'DSA Checklist', 'AI Checklist' and 'DE Checklist' sheets to track topic-wise problems
B19: solved / modules completed. Update 'Solved/Done' and 'Status' columns; % completion auto-updates.
B20: 7. Check the 'Dashboard' sheet anytime for your overall progress, weekly hours, and topic completion.
B21: 8. Add blockers, doubts or notes in the 'Notes' column - review these every Sunday during your
B22: weekly revision slot.
B24: Weekly Themes
B25: Week | C25: Dates | D25: DSA Focus | E25: AI Focus | F25: Data Engineering Focus
B26: Week 1 | C26: 8 - 14 Jul | D26: Arrays, Strings, Hashing | E26: Python/ML refresher, DL basics | F26: Advanced SQL, ETL & data modeling basics
B27: Week 2 | C27: 15 - 21 Jul | D27: Linked List, Stack, Queue, Recursion | E27: Neural networks, CNN intro | F27: Airflow, pipeline design, data quality
B28: Week 3 | C28: 22 - 28 Jul | D28: Trees, BST, Heaps | E28: NLP, Transformers, LLMs, GenAI APIs | F28: Spark/PySpark, data warehousing
B29: Week 4 | C29: 29 Jul - 4 Aug | D29: Graphs, DP (intro) | E29: Build a GenAI mini project | F29: Cloud (AWS/GCP), dbt, pipeline project
B30: Week 5 | C30: 5 - 11 Aug | D30: DP (advanced), Greedy, Mock interviews | E30: Finish project, portfolio, ML interview prep | F30: Interview revision, resume + LinkedIn update
B32: Suggested Daily Time Budget (on top of internship work hours)
B33: Day Type | C33: DSA | D33: AI | E33: Data Engineering | F33: Total
B34: Weekday (Mon-Fri) | C34: 1.5 hrs | D34: 1 hr | E34: 1 hr | F34: 3.5 hrs
B35: Saturday (deep practice) | C35: 2 hrs | D35: 1.5 hrs | E35: 1.5 hrs | F35: 5 hrs
B36: Sunday (light revision) | C36: 1 hr | D36: 1 hr | E36: 1 hr | F36: 3 hrs

Sheet Dashboard
B2: Progress Dashboard
B4: Overall Progress
B5: Days Fully Complete | C5: =COUNTIF('Daily Tracker'!R4:R38,1) -> 0 | D5: =CONCATENATE(C5," / ",'Daily Tracker'!B1) -> 0 / 35
B6: Overall Completion % | C6: =AVERAGE('Daily Tracker'!R4:R38) -> 0
B7: Total Hours Planned | C7: =SUM('Daily Tracker'!P4:P38) -> 127.5
B8: Total Hours Logged | C8: =SUM('Daily Tracker'!Q4:Q38) -> 0
B9: DSA Problems Solved | C9: =CONCATENATE('DSA Checklist'!D20," / ",'DSA Checklist'!C20) -> 0 / 171
B10: AI Modules Done | C10: =COUNTIF('AI Checklist'!C3:C15,"Done")&" / "&13 -> 0 / 13
B11: DE Topics Done | C11: =COUNTIF('DE Checklist'!C3:C16,"Done")&" / "&14 -> 0 / 14
B13: Weekly Hours Summary
B14: Week | C14: Hrs Planned | D14: Hrs Actual
B15: Week 1 | C15: =SUMIF('Daily Tracker'!C4:C38,1,'Daily Tracker'!P4:P38) -> 25.5 | D15: =SUMIF('Daily Tracker'!C4:C38,1,'Daily Tracker'!Q4:Q38) -> 0
B16: Week 2 | C16: =SUMIF('Daily Tracker'!C4:C38,2,'Daily Tracker'!P4:P38) -> 25.5 | D16: =SUMIF('Daily Tracker'!C4:C38,2,'Daily Tracker'!Q4:Q38) -> 0
B17: Week 3 | C17: =SUMIF('Daily Tracker'!C4:C38,3,'Daily Tracker'!P4:P38) -> 25.5 | D17: =SUMIF('Daily Tracker'!C4:C38,3,'Daily Tracker'!Q4:Q38) -> 0
B18: Week 4 | C18: =SUMIF('Daily Tracker'!C4:C38,4,'Daily Tracker'!P4:P38) -> 25.5 | D18: =SUMIF('Daily Tracker'!C4:C38,4,'Daily Tracker'!Q4:Q38) -> 0
B19: Week 5 | C19: =SUMIF('Daily Tracker'!C4:C38,5,'Daily Tracker'!P4:P38) -> 25.5 | D19: =SUMIF('Daily Tracker'!C4:C38,5,'Daily Tracker'!Q4:Q38) -> 0
B21: Reminder: update Daily Tracker every evening and revisit this dashboard every Sunday.

Sheet Daily Tracker
A1: TotalDays | B1: 35
A3: Date | B3: Day | C3: Week | D3: DSA Task | E3: DSA Hrs Planned | F3: DSA Hrs Actual | G3: DSA Status | H3: AI Task | I3: AI Hrs Planned | J3: AI Hrs Actual | K3: AI Status | L3: DE Task (Internship + Self-study) | M3: DE Hrs Planned | N3: DE Hrs Actual | O3: DE Status | P3: Total Hrs Planned | Q3: Total Hrs Actual | R3: Daily % Complete | S3: Notes / Blockers
A4: 46211 | B4: =TEXT(A4,"ddd") -> Wed | C4: 1 | D4: Arrays: basics + 2-3 easy problems | E4: 1.5 | G4: Not Started | H4: Python/NumPy/Pandas refresher | I4: 1 | K4: Not Started | L4: SQL: joins & subqueries revision | M4: 1 | O4: Not Started | P4: =E4+I4+M4 -> 3.5 | Q4: =F4+J4+N4 -> 0 | R4: =(COUNTIF(G4,"Done")+COUNTIF(K4,"Done")+COUNTIF(O4,"Done"))/3 -> 0
A5: 46212 | B5: =TEXT(A5,"ddd") -> Thu | C5: 1 | D5: Arrays: sliding window / two-pointer problems | E5: 1.5 | G5: Not Started | H5: EDA practice on a sample dataset | I5: 1 | K5: Not Started | L5: SQL: window functions practice | M5: 1 | O5: Not Started | P5: =E5+I5+M5 -> 3.5 | Q5: =F5+J5+N5 -> 0 | R5: =(COUNTIF(G5,"Done")+COUNTIF(K5,"Done")+COUNTIF(O5,"Done"))/3 -> 0
A6: 46213 | B6: =TEXT(A6,"ddd") -> Fri | C6: 1 | D6: Strings: basics + pattern problems | E6: 1.5 | G6: Not Started | H6: Scikit-learn: regression & classification refresher | I6: 1 | K6: Not Started | L6: ETL concepts: extract/transform/load overview | M6: 1 | O6: Not Started | P6: =E6+I6+M6 -> 3.5 | Q6: =F6+J6+N6 -> 0 | R6: =(COUNTIF(G6,"Done")+COUNTIF(K6,"Done")+COUNTIF(O6,"Done"))/3 -> 0
A7: 46214 | B7: =TEXT(A7,"ddd") -> Sat | C7: 1 | D7: Strings: advanced (pattern matching) | E7: 1.5 | G7: Not Started | H7: Model evaluation metrics (precision/recall/F1/ROC) | I7: 1 | K7: Not Started | L7: Data modeling basics: star schema | M7: 1 | O7: Not Started | P7: =E7+I7+M7 -> 3.5 | Q7: =F7+J7+N7 -> 0 | R7: =(COUNTIF(G7,"Done")+COUNTIF(K7,"Done")+COUNTIF(O7,"Done"))/3 -> 0
A8: 46215 | B8: =TEXT(A8,"ddd") -> Sun | C8: 1 | D8: Hashing: HashMap/HashSet problems | E8: 1.5 | G8: Not Started | H8: Intro to Deep Learning: perceptron & NN basics | I8: 1 | K8: Not Started | L8: Intro to Airflow: DAGs & operators | M8: 1 | O8: Not Started | P8: =E8+I8+M8 -> 3.5 | Q8: =F8+J8+N8 -> 0 | R8: =(COUNTIF(G8,"Done")+COUNTIF(K8,"Done")+COUNTIF(O8,"Done"))/3 -> 0
A9: 46216 | B9: =TEXT(A9,"ddd") -> Mon | C9: 1 | D9: Timed practice: mixed Arrays+Strings+Hashing | E9: 2 | G9: Not Started | H9: Read 2-3 articles/papers on LLMs & GenAI trends | I9: 1.5 | K9: Not Started | L9: Internship task deep-dive + mini pipeline exercise | M9: 1.5 | O9: Not Started | P9: =E9+I9+M9 -> 5 | Q9: =F9+J9+N9 -> 0 | R9: =(COUNTIF(G9,"Done")+COUNTIF(K9,"Done")+COUNTIF(O9,"Done"))/3 -> 0
A10: 46217 | B10: =TEXT(A10,"ddd") -> Tue | C10: 1 | D10: Revise Week 1 notes; redo 2 tough problems | E10: 1 | G10: Not Started | H10: Consolidate Week 1 AI notes | I10: 1 | K10: Not Started | L10: Consolidate Week 1 DE notes + internship review | M10: 1 | O10: Not Started | P10: =E10+I10+M10 -> 3 | Q10: =F10+J10+N10 -> 0 | R10: =(COUNTIF(G10,"Done")+COUNTIF(K10,"Done")+COUNTIF(O10,"Done"))/3 -> 0
A11: 46218 | B11: =TEXT(A11,"ddd") -> Wed | C11: 2 | D11: Linked List: basics + reversal problems | E11: 1.5 | G11: Not Started | H11: Neural networks: forward/backprop deep dive | I11: 1 | K11: Not Started | L11: Airflow: building your first DAG | M11: 1 | O11: Not Started | P11: =E11+I11+M11 -> 3.5 | Q11: =F11+J11+N11 -> 0 | R11: =(COUNTIF(G11,"Done")+COUNTIF(K11,"Done")+COUNTIF(O11,"Done"))/3 -> 0
A12: 46219 | B12: =TEXT(A12,"ddd") -> Thu | C12: 2 | D12: Linked List: advanced (cycle detection, merge) | E12: 1.5 | G12: Not Started | H12: Activation functions & loss functions | I12: 1 | K12: Not Started | L12: Airflow: scheduling, sensors, XComs | M12: 1 | O12: Not Started | P12: =E12+I12+M12 -> 3.5 | Q12: =F12+J12+N12 -> 0 | R12: =(COUNTIF(G12,"Done")+COUNTIF(K12,"Done")+COUNTIF(O12,"Done"))/3 -> 0
A13: 46220 | B13: =TEXT(A13,"ddd") -> Fri | C13: 2 | D13: Stack: basics + problems (valid parens, monotonic stack) | E13: 1.5 | G13: Not Started | H13: Intro to CNNs (convolution, pooling) | I13: 1 | K13: Not Started | L13: Data pipeline design patterns | M13: 1 | O13: Not Started | P13: =E13+I13+M13 -> 3.5 | Q13: =F13+J13+N13 -> 0 | R13: =(COUNTIF(G13,"Done")+COUNTIF(K13,"Done")+COUNTIF(O13,"Done"))/3 -> 0
A14: 46221 | B14: =TEXT(A14,"ddd") -> Sat | C14: 2 | D14: Queue: basics + problems (circular queue, deque) | E14: 1.5 | G14: Not Started | H14: Optimizers (SGD, Adam) & regularization | I14: 1 | K14: Not Started | L14: Data quality & validation basics | M14: 1 | O14: Not Started | P14: =E14+I14+M14 -> 3.5 | Q14: =F14+J14+N14 -> 0 | R14: =(COUNTIF(G14,"Done")+COUNTIF(K14,"Done")+COUNTIF(O14,"Done"))/3 -> 0
A15: 46222 | B15: =TEXT(A15,"ddd") -> Sun | C15: 2 | D15: Recursion & Backtracking basics | E15: 1.5 | G15: Not Started | H15: Hands-on: small NN with PyTorch/TensorFlow | I15: 1 | K15: Not Started | L15: Batch vs streaming concepts overview | M15: 1 | O15: Not Started | P15: =E15+I15+M15 -> 3.5 | Q15: =F15+J15+N15 -> 0 | R15: =(COUNTIF(G15,"Done")+COUNTIF(K15,"Done")+COUNTIF(O15,"Done"))/3 -> 0
... A38: 46245 | B38: =TEXT(A38,"ddd") -> Tue | C38: 5 | D38: Final revision + rest before placements | E38: 1 | G38: Not Started | H38: Rest / light review | I38: 1 | K38: Not Started | L38: Rest / light review | M38: 1 | O38: Not Started | P38: =E38+I38+M38 -> 3 | Q38: =F38+J38+N38 -> 0 | R38: =(COUNTIF(G38,"Done")+COUNTIF(K38,"Done")+COUNTIF(O38,"Done"))/3 -> 0

Sheet DSA Checklist
A2: Topic | B2: Resource / Platform | C2: Target Problems | D2: Problems Solved | E2: % Complete | F2: Status | G2: Notes
A3: Arrays | B3: GeeksforGeeks / LeetCode / Striver Sheet | C3: 15 | D3: 0 | E3: =IF(C3=0,0,D3/C3) -> 0 | F3: Not Started
A4: Strings | B4: GeeksforGeeks / LeetCode | C4: 12 | D4: 0 | E4: =IF(C4=0,0,D4/C4) -> 0 | F4: Not Started
A5: Hashing | B5: LeetCode | C5: 10 | D5: 0 | E5: =IF(C5=0,0,D5/C5) -> 0 | F5: Not Started
A6: Two Pointers & Sliding Window | B6: LeetCode | C6: 10 | D6: 0 | E6: =IF(C6=0,0,D6/C6) -> 0 | F6: Not Started
A7: Linked List | B7: LeetCode / Striver Sheet | C7: 12 | D7: 0 | E7: =IF(C7=0,0,D7/C7) -> 0 | F7: Not Started
A8: Stack | B8: LeetCode | C8: 10 | D8: 0 | E8: =IF(C8=0,0,D8/C8) -> 0 | F8: Not Started
A9: Queue | B9: LeetCode | C9: 8 | D9: 0 | E9: =IF(C9=0,0,D9/C9) -> 0 | F9: Not Started
A10: Recursion & Backtracking | B10: LeetCode / GeeksforGeeks | C10: 10 | D10: 0 | E10: =IF(C10=0,0,D10/C10) -> 0 | F10: Not Started
A11: Trees (Binary Tree/BST) | B11: LeetCode / Striver Sheet | C11: 15 | D11: 0 | E11: =IF(C11=0,0,D11/C11) -> 0 | F11: Not Started
A12: Heaps / Priority Queue | B12: LeetCode | C12: 8 | D12: 0 | E12: =IF(C12=0,0,D12/C12) -> 0 | F12: Not Started
A13: Graphs (BFS/DFS/Shortest Path) | B13: LeetCode / Striver Sheet | C13: 15 | D13: 0 | E13: =IF(C13=0,0,D13/C13) -> 0 | F13: Not Started
A14: Dynamic Programming | B14: LeetCode / Striver DP Series | C14: 18 | D14: 0 | E14: =IF(C14=0,0,D14/C14) -> 0 | F14: Not Started
... A18: Mock Interviews / Timed Contests | B18: LeetCode Contests / Pramp | C18: 4 | D18: 0 | E18: =IF(C18=0,0,D18/C18) -> 0 | F18: Not Started
A20: TOTAL | C20: =SUM(C3:C18) -> 171 | D20: =SUM(D3:D18) -> 0 | E20: =IF(C20=0,0,D20/C20) -> 0

Sheet AI Checklist
A2: Module / Topic | B2: Resource | C2: Status | D2: Notes
A3: Python for AI (NumPy, Pandas) | B3: Kaggle Learn / Official docs | C3: Not Started
A4: ML Fundamentals (Scikit-learn) | B4: Scikit-learn docs / Andrew Ng course | C4: Not Started
A5: Model Evaluation Metrics | B5: Scikit-learn docs | C5: Not Started
A6: Deep Learning Basics (Perceptron, NN) | B6: DeepLearning.AI / 3Blue1Brown | C6: Not Started
A7: Neural Networks: Backprop & Optimizers | B7: DeepLearning.AI | C7: Not Started
A8: CNNs (Convolution & Pooling) | B8: DeepLearning.AI / PyTorch tutorials | C8: Not Started
A9: NLP Basics (Tokenization, Embeddings) | B9: HuggingFace course | C9: Not Started
A10: Transformers & Attention Mechanism | B10: HuggingFace / Jay Alammar blog | C10: Not Started
A11: LLMs Overview & Architecture | B11: HuggingFace / Anthropic docs | C11: Not Started
A12: Prompt Engineering Techniques | B12: Anthropic / OpenAI docs | C12: Not Started
A13: GenAI APIs (OpenAI / Gemini / Groq) | B13: Official API docs | C13: Not Started
A14: Build & Ship a GenAI Mini Project | B14: Personal project | C14: Not Started
A15: Portfolio & Resume Update (AI Project) | B15: Personal | C15: Not Started

Sheet DE Checklist
A2: Topic | B2: Resource | C2: Status | D2: Notes
A3: Advanced SQL (Joins, Window Functions, Subqueries) | B3: Mode SQL Tutorial / LeetCode SQL | C3: Not Started
A4: Data Modeling (Star/Snowflake Schema) | B4: Kimball Group resources | C4: Not Started
A5: ETL / ELT Concepts | B5: Official docs / internship guidance | C5: Not Started
A6: Apache Airflow (DAGs, Operators, Scheduling) | B6: Airflow official docs | C6: Not Started
A7: Data Pipeline Design Patterns | B7: Internship + articles | C7: Not Started
A8: Data Quality & Validation | B8: Great Expectations docs | C8: Not Started
A9: Apache Spark / PySpark | B9: Spark official docs / Databricks Academy | C9: Not Started
A10: Data Warehousing (Snowflake/BigQuery/Redshift) | B10: Vendor docs | C10: Not Started
A11: Kafka / Streaming Basics | B11: Confluent docs | C11: Not Started
A12: Cloud Basics (AWS/GCP core services) | B12: AWS/GCP free tier docs | C12: Not Started
A13: dbt Basics (Models & Transformations) | B13: dbt Labs docs | C13: Not Started
A14: End-to-End Pipeline Project | B14: Personal project | C14: Not Started
... A16: Interview Revision & Mock Questions | B16: GeeksforGeeks / InterviewBit | C16: Not Started
